StartDate,EndDate,PubDate,UniqueID,PerformerType,PerformerName,SameAs,Language,EventType,EventNameRus,EventNameEng,EventNameSrb,CoverImage,SpotifyButton,Section,ShortDescriptionRus,ShortDescriptionEng,ShortDescriptionSrb,LongDescriptionRus,LongDescriptionEng,LongDescriptionSrb,Time,PriceDin,PlaceName,PlaceAddress,GoogleMap,EventPage,SourceName,TicketsLink,OrganizerName,OrganizerPageURL,OrganizerEmail,OrganizerPhone,AgeRestriction,EventCapacity,ImageGallery,TagsRus,TagsEng,TagsSrb
8/21/2026,8/22/2026,7/30/2026,558,Organization,Dragi Bravo Festival,https://tickets.rs/tour/dragi_bravo_festival_2026_2867,,Festival,"Dragi Bravo Wonderland — Ruslana, Edward Maya и Morandi в парке Ушче","Dragi Bravo Wonderland — Ruslana, Edward Maya and Morandi at Ušće Park","Dragi Bravo Wonderland — Ruslana, Edward Maya i Morandi u parku Ušće",https://raw.githubusercontent.com/newsgl/arsposters/main/558-DragiBravoWonderland.webp,,Festivals,"21 и 22 августа парк Ушче превратится в сказочный Wonderland: два дня музыки нулевых и десятых, луна-парк и декорации по мотивам «Алисы в стране чудес». В лайн-апе Ruslana, Edward Maya, Morandi, Sakis Rouvas, Индира Радич, Дара Бубамара и другие. Билеты от 1290 до 5250 RSD.","On 21 and 22 August Ušće Park turns into a fairy-tale Wonderland: two days of 2000s and 2010s hits, a funfair and Alice-in-Wonderland scenery. The line-up features Ruslana, Edward Maya, Morandi, Sakis Rouvas, Indira Radić, Dara Bubamara and more. Tickets from 1,290 to 5,250 RSD.","21. i 22. avgusta park Ušće pretvara se u bajkoviti Wonderland: dva dana hitova 2000-ih i 2010-ih, luna park i scenografija po motivima „Alise u Zemlji čuda"". U lajnapu su Ruslana, Edward Maya, Morandi, Sakis Rouvas, Indira Radić, Dara Bubamara i drugi. Ulaznice od 1.290 do 5.250 RSD.","🎪 **Dragi Bravo Festival** проходит уже **пятый год подряд** — и второй раз в парке **Ушче**. Два дня фестиваль возвращает публику в золотую эпоху народной и поп-музыки нулевых и десятых.

**Лайн-ап**

🗓 **21 августа** — Ruslana (первое выступление в Сербии после победы на «Евровидении-2004»), Edward Maya, Vlada Matović, Dado Polumenta, Dara Bubamara, Bojan Bjelić.
🗓 **22 августа** — Sakis Rouvas, Morandi, Indira Radić, Viki Miljković, Grupa Đogani, Slađa Delibašić.

В первой волне объявлен также **DJ Marchez**; организаторы обещают ещё гостей.

🐇 **Тема года — «Wonderland: Chapter 2 — The Pool of Tears»**, по мотивам «Алисы в стране чудес». Парк превращается в сказочный мир: разноцветный луна-парк, гигантские цветы, арки, часы, идущие назад, фотозоны, тематические стенды с едой и напитками, а среди гостей появляются Белый кролик, Шляпник, Чеширский кот и другие герои сказки.

🎟 **Категории билетов**

— **Parter** — доступ на основную территорию фестиваля, к фуд-кортам и всем локациям парка;
— **Fan Pit** — огороженная зона у сцены со столиками; браслет позволяет свободно входить и выходить;
— **VIP** — приподнятые платформы слева и справа от сцены, отдельный вход, свои бары и туалеты;
— **GOLD (VVIP)** — доступ во все секторы сразу: VIP, Fan Pit и партер.

💰 От **1290 RSD** за день и от **1790 RSD** за комплект на два дня; верхняя граница — **5250 RSD**.

🗓 Оба дня старт в **19:00**. 📍 Парк Ушче, Нови Београд.","🎪 **Dragi Bravo Festival** returns for the **fifth year in a row** — and for the second time to **Ušće Park**. For two days the festival takes its audience back to the golden age of Balkan pop and folk music of the 2000s and 2010s.

**Line-up**

🗓 **21 August** — Ruslana (her first show in Serbia since winning Eurovision 2004), Edward Maya, Vlada Matović, Dado Polumenta, Dara Bubamara, Bojan Bjelić.
🗓 **22 August** — Sakis Rouvas, Morandi, Indira Radić, Viki Miljković, Grupa Đogani, Slađa Delibašić.

The first wave also includes **DJ Marchez**, with more guests to be announced.

🐇 **This year’s theme is “Wonderland: Chapter 2 — The Pool of Tears”**, inspired by Alice in Wonderland. The park becomes a fairy-tale world: a colourful funfair, giant flowers, arches, clocks ticking backwards, photo corners, themed food and drink stands — and characters from the story wandering among the crowd: the White Rabbit, the Hatter, the Cheshire Cat and others.

🎟 **Ticket categories**

— **Parter** — access to the main festival area, food courts and all park locations;
— **Fan Pit** — a fenced area in front of the stage with tables; the wristband lets you come and go freely;
— **VIP** — raised platforms on both sides of the stage, separate entrance, own bars and toilets;
— **GOLD (VVIP)** — access to every sector at once: VIP, Fan Pit and the main floor.

💰 From **1,290 RSD** for a day ticket and from **1,790 RSD** for a two-day pass; top price **5,250 RSD**.

🗓 Both days start at **19:00**. 📍 Ušće Park, Novi Beograd.","🎪 **Dragi Bravo Festival** održava se **petu godinu zaredom** — i drugi put u parku **Ušće**. Dva dana festival publiku vraća u zlatno doba narodne i pop muzike 2000-ih i 2010-ih.

**Lajnap**

🗓 **21. avgust** — Ruslana (prvi nastup u Srbiji posle pobede na Evroviziji 2004), Edward Maya, Vlada Matović, Dado Polumenta, Dara Bubamara, Bojan Bjelić.
🗓 **22. avgust** — Sakis Rouvas, Morandi, Indira Radić, Viki Miljković, Grupa Đogani, Slađa Delibašić.

U prvom talasu najavljen je i **DJ Marchez**, a organizatori najavljuju još gostiju.

🐇 **Tema ovogodišnjeg izdanja je „Wonderland: Chapter 2 — The Pool of Tears""**, inspirisana „Alisom u Zemlji čuda"". Park se pretvara u bajkoviti svet: šareni luna park, džinovski cvetovi, lukovi, satovi koji kucaju unazad, čarobni foto kutci, maštoviti štandovi sa hranom i pićem, a među posetiocima se pojavljuju Beli zec, Šeširdžija, Mačak i drugi junaci priče.

🎟 **Kategorije ulaznica**

— **Parter** — pristup glavnom delu festivala, fud-kortovima i svim lokacijama parka;
— **Fan Pit** — ograđeni deo ispred bine sa stolovima; narukvica omogućava neometan ulazak i izlazak;
— **VIP** — izdignute platforme sa leve i desne strane bine, poseban ulaz, sopstveni šankovi i toaleti;
— **GOLD (VVIP)** — pristup svim sektorima odjednom: VIP, Fan Pit i parter.

💰 Od **1.290 RSD** za dnevnu ulaznicu i od **1.790 RSD** za komplet za dva dana; najviša cena je **5.250 RSD**.

🗓 Oba dana počinju u **19:00**. 📍 Park Ušće, Novi Beograd.",19:00,1290,Ušće Park,"Park Ušće, Novi Beograd","44.822580,20.443350",https://www.ddtickets.rs/ddtickets.asp?LangCODE=EN&StructCODE=Events&StructPOS=105&ProdCODE=Dragi-Bravo-Festival&ProdNUM=2381&StepID=0,ddtickets.rs,https://www.ddtickets.rs/ddtickets.asp?LangCODE=EN&StructCODE=Events&StructPOS=105&ProdCODE=Dragi-Bravo-Festival&ProdNUM=2381&StepID=0,Dragi Bravo Festival,https://tickets.rs/tour/dragi_bravo_festival_2026_2867,,,,,,"фестиваль, поп-музыка, вечеринка, Ушче, Белград, Ruslana, Edward Maya, Morandi, Sakis Rouvas","festival, pop music, party, Ušće, Belgrade, Ruslana, Edward Maya, Morandi, Sakis Rouvas","festival, pop muzika, žurka, Ušće, Beograd, Ruslana, Edward Maya, Morandi, Sakis Rouvas"
